"name","party","constituency","email","honorific"
"Carla Beck","New Democratic Party","Regina Lakeview","reginalakeview@ndpcaucus.sk.ca","Ms."
"Buckley Belanger","New Democratic Party","Athabasca","athabasca@ndpcaucus.sk.ca","Mr."
"Steven Bonk","Saskatchewan Party","Moosomin","stevenbonkmla@sasktel.net","Mr."
"Jennifer Bowes","New Democratic Party","Saskatoon University","saskatoonuniversity@ndpcaucus.sk.ca","Ms."
"Fred Bradshaw","Saskatchewan Party","Carrot River Valley","fbradshaw.mla@sasktel.net","Hon."
"David Buckingham","Saskatchewan Party","Saskatoon Westview","davidbuckinghammla@gmail.com","Mr."
"Lori Carr","Saskatchewan Party","Estevan","loricarrmla@sasktel.net","Hon."
"Ken Cheveldayoff","Saskatchewan Party","Saskatoon Willowgrove","ken.cheveldayoff.mla@sasktel.net","Mr."
"Jeremy Cockrill","Saskatchewan Party","The Battlefords","office@jeremycockrill.ca","Mr."
"Meara Conway","New Democratic Party","Regina Elphinstone-Centre","reginaelphinstonecentre@ndpcaucus.sk.ca","Ms."
"Terry Dennis","Saskatchewan Party","Canora-Pelly","Canora.PellyMLA@sasktel.net","Mr."
"Mark Docherty","Saskatchewan Party","Regina Coronation Park","markdochertymla@sasktel.net","Mr."
"Ryan Domotor","Saskatchewan Party","Cut Knife-Turtleford","domotor.mla@sasktel.net","Mr."
"Dustin Duncan","Saskatchewan Party","Weyburn-Big Muddy","dduncan.mla@accesscomm.ca","Hon."
"Bronwyn Eyre","Saskatchewan Party","Saskatoon Stonebridge-Dakota","bronwyn.eyre.mla@sasktel.net","Hon."
"Muhammad Fiaz","Saskatchewan Party","Regina Pasqua","mfiaz.mla@sasktel.net","Mr."
"Ken Francis","Saskatchewan Party","Kindersley","kfrancismla@gmail.com","Mr."
"Marv Friesen","Saskatchewan Party","Saskatoon Riversdale","marvfriesen@sasktel.net","Mr."
"Todd Goudy","Saskatchewan Party","Melfort","goudymla@gmail.com","Mr."
"Gary Grewal","Saskatchewan Party","Regina Northeast","garygrewalmla@sasktel.net","Mr."
"Joe Hargrave","Saskatchewan Party","Prince Albert Carlton","pacarltonmla@sasktel.net","Mr."
"Donna Harpauer","Saskatchewan Party","Humboldt-Watrous","humboldtwatrousmla@sasktel.net","Hon."
"Daryl Harrison","Saskatchewan Party","Cannington","canningtonconstituency@sasktel.net","Mr."
"Jeremy Harrison","Saskatchewan Party","Meadow Lake","jharrisonmla@sasktel.net","Hon."
"Everett Hindley","Saskatchewan Party","Swift Current","everettmla@sasktel.net","Hon."
"Terry Jenson","Saskatchewan Party","Martensville-Warman","office@terryjenson.ca","Mr."
"Warren Kaeding","Saskatchewan Party","Melville-Saltcoats","warrenkaedingmla@sasktel.net","Hon."
"Travis Keisig","Saskatchewan Party","Last Mountain-Touchwood","lastmountaintouchwood.mla@sasktel.net","Mr."
"Delbert Kirsch","Saskatchewan Party","Batoche","batochemla@sasktel.net","Mr."
"Lisa Lambert","Saskatchewan Party","Saskatoon Churchill-Wildwood","mla@lisalambert.ca","Ms."
"Greg Lawrence","Saskatchewan Party","Moose Jaw Wakamow","greglawrencemla@sasktel.net","Mr."
"Matt Love","New Democratic Party","Saskatoon Eastview","saskatooneastview@ndpcaucus.sk.ca","Mr."
"Gene Makowsky","Saskatchewan Party","Regina Gardiner Park","gmakowsky.mla@sasktel.net","Hon."
"David Marit","Saskatchewan Party","Wood River","mlawoodriver@sasktel.net","Hon."
"Tim McLeod","Saskatchewan Party","Moose Jaw North","mjnorthmla@sasktel.net","Mr."
"Don McMorris","Saskatchewan Party","Indian Head-Milestone","mcmorris.mla@sasktel.net","Hon."
"Ryan Meili","New Democratic Party","Saskatoon Meewasin","saskatoonmeewasin@ndpcaucus.sk.ca","Mr."
"Paul Merriman","Saskatchewan Party","Saskatoon Silverspring-Sutherland","office@paulmerriman.ca","Hon."
"Derek Meyers","Saskatchewan Party","Regina Walsh Acres","derekmeyersmla@sasktel.net","Mr."
"Scott Moe","Saskatchewan Party","Rosthern-Shellbrook","scottmoe.mla@sasktel.net;","Hon."
"Don Morgan","Saskatchewan Party","Saskatoon Southeast","mla@donmorgan.ca","Hon."
"Vicki Mowat","New Democratic Party","Saskatoon Fairview","saskatoonfairview@ndpcaucus.sk.ca","Ms."
"Hugh Nerlien","Saskatchewan Party","Kelvington-Wadena","nerlien.mla@sasktel.net","Mr."
"Betty Nippi-Albright","New Democratic Party","Saskatoon Centre","saskatooncentre@ndpcaucus.sk.ca","Ms."
"Greg Ottenbreit","Saskatchewan Party","Yorkton","yorkton.mla@sasktel.net","Mr."
"Jim Reiter","Saskatchewan Party","Rosetown-Elrose","jimreitermla@sasktel.net","Hon."
"Erika Ritchie","New Democratic Party","Saskatoon Nutana","saskatoonnutana@ndpcaucus.sk.ca","Ms."
"Alana Ross","Saskatchewan Party","Prince Albert Northcote","alanarossmla@sasktel.net","Ms."
"Laura Ross","Saskatchewan Party","Regina Rochdale","laurarossmla@sasktel.net","Hon."
"Nicole Sarauer","New Democratic Party","Regina Douglas Park","reginadouglaspark@ndpcaucus.sk.ca","Ms."
"Dana Skoropad","Saskatchewan Party","Arm River","armriver.mla@gmail.com","Mr."
"Doug Steele","Saskatchewan Party","Cypress Hills","steelemla@sasktel.net","Mr."
"Lyle Stewart","Saskatchewan Party","Lumsden-Morse","lumsdenmorse.mla@sasktel.net","Hon."
"Christine Tell","Saskatchewan Party","Regina Wascana Plains","christinetellmla@accesscomm.ca","Hon."
"Doyle Vermette","New Democratic Party","Cumberland","cumberland@ndpcaucus.sk.ca","Mr."
"Randy Weekes","Saskatchewan Party","Biggar-Sask Valley","randyweekes.mla@accesscomm.ca","Hon."
"Nadine Wilson","Saskatchewan Party","Saskatchewan Rivers","saskatchewanrivers@sasktel.net","Ms."
"Trent Wotherspoon","New Democratic Party","Regina Rosemont","reginarosemont@ndpcaucus.sk.ca","Mr."
"Gordon Wyant","Saskatchewan Party","Saskatoon Northwest","g.wyant.mla@sasktel.net","Hon."
"Aleana Young","New Democratic Party","Regina University","reginauniversity@ndpcaucus.sk.ca","Ms."
"Colleen Young","Saskatchewan Party","Lloydminster","colleen.young@sasktel.net","Ms."
